[{"model": "contenttypes.contenttype", "fields": {"model": "logentry", "app_label": "admin"}, "pk": 1}, {"model": "contenttypes.contenttype", "fields": {"model": "permission", "app_label": "auth"}, "pk": 2}, {"model": "contenttypes.contenttype", "fields": {"model": "group", "app_label": "auth"}, "pk": 3}, {"model": "contenttypes.contenttype", "fields": {"model": "user", "app_label": "auth"}, "pk": 4}, {"model": "contenttypes.contenttype", "fields": {"model": "contenttype", "app_label": "contenttypes"}, "pk": 5}, {"model": "contenttypes.contenttype", "fields": {"model": "session", "app_label": "sessions"}, "pk": 6}, {"model": "contenttypes.contenttype", "fields": {"model": "complain", "app_label": "complain"}, "pk": 7}, {"model": "contenttypes.contenttype", "fields": {"model": "poll", "app_label": "complain"}, "pk": 8}, {"model": "contenttypes.contenttype", "fields": {"model": "roompoll", "app_label": "complain"}, "pk": 9}, {"model": "contenttypes.contenttype", "fields": {"model": "flightpoll", "app_label": "complain"}, "pk": 10}, {"model": "contenttypes.contenttype", "fields": {"model": "tourpoll", "app_label": "complain"}, "pk": 11}, {"model": "contenttypes.contenttype", "fields": {"model": "manager", "app_label": "management"}, "pk": 12}, {"model": "contenttypes.contenttype", "fields": {"model": "message", "app_label": "messaging"}, "pk": 13}, {"model": "contenttypes.contenttype", "fields": {"model": "service", "app_label": "service"}, "pk": 14}, {"model": "contenttypes.contenttype", "fields": {"model": "comment", "app_label": "service"}, "pk": 15}, {"model": "contenttypes.contenttype", "fields": {"model": "flight", "app_label": "service"}, "pk": 16}, {"model": "contenttypes.contenttype", "fields": {"model": "room", "app_label": "service"}, "pk": 17}, {"model": "contenttypes.contenttype", "fields": {"model": "tour", "app_label": "service"}, "pk": 18}, {"model": "contenttypes.contenttype", "fields": {"model": "airport", "app_label": "service"}, "pk": 19}, {"model": "contenttypes.contenttype", "fields": {"model": "serviceprovider", "app_label": "service_provider"}, "pk": 20}, {"model": "contenttypes.contenttype", "fields": {"model": "hotel", "app_label": "service_provider"}, "pk": 21}, {"model": "contenttypes.contenttype", "fields": {"model": "airline", "app_label": "service_provider"}, "pk": 22}, {"model": "contenttypes.contenttype", "fields": {"model": "travelagency", "app_label": "service_provider"}, "pk": 23}, {"model": "contenttypes.contenttype", "fields": {"model": "tourist", "app_label": "tourist"}, "pk": 24}, {"model": "contenttypes.contenttype", "fields": {"model": "cart", "app_label": "sale"}, "pk": 25}, {"model": "contenttypes.contenttype", "fields": {"model": "factor", "app_label": "sale"}, "pk": 26}, {"model": "contenttypes.contenttype", "fields": {"model": "serviceitem", "app_label": "sale"}, "pk": 27}, {"model": "contenttypes.contenttype", "fields": {"model": "taskmeta", "app_label": "djcelery"}, "pk": 28}, {"model": "contenttypes.contenttype", "fields": {"model": "tasksetmeta", "app_label": "djcelery"}, "pk": 29}, {"model": "contenttypes.contenttype", "fields": {"model": "intervalschedule", "app_label": "djcelery"}, "pk": 30}, {"model": "contenttypes.contenttype", "fields": {"model": "crontabschedule", "app_label": "djcelery"}, "pk": 31}, {"model": "contenttypes.contenttype", "fields": {"model": "periodictasks", "app_label": "djcelery"}, "pk": 32}, {"model": "contenttypes.contenttype", "fields": {"model": "periodictask", "app_label": "djcelery"}, "pk": 33}, {"model": "contenttypes.contenttype", "fields": {"model": "workerstate", "app_label": "djcelery"}, "pk": 34}, {"model": "contenttypes.contenttype", "fields": {"model": "taskstate", "app_label": "djcelery"}, "pk": 35}, {"model": "contenttypes.contenttype", "fields": {"model": "cronjoblog", "app_label": "django_cron"}, "pk": 36}, {"model": "contenttypes.contenttype", "fields": {"model": "siteuser", "app_label": "base"}, "pk": 37}, {"model": "contenttypes.contenttype", "fields": {"model": "location", "app_label": "base"}, "pk": 38}, {"model": "contenttypes.contenttype", "fields": {"model": "city", "app_label": "base"}, "pk": 39}, {"model": "contenttypes.contenttype", "fields": {"model": "citycollection", "app_label": "base"}, "pk": 40}, {"model": "contenttypes.contenttype", "fields": {"model": "queue", "app_label": "kombu_transport_django"}, "pk": 41}, {"model": "contenttypes.contenttype", "fields": {"model": "message", "app_label": "kombu_transport_django"}, "pk": 42}, {"model": "contenttypes.contenttype", "fields": {"model": "advertisebox", "app_label": "management"}, "pk": 43}, {"model": "sessions.session", "fields": {"session_data": "YjcwMjk5MzVmMTAxN2VkZjNjMGE3OTg4MDg0MzU1MWUzMTdiZTQwNTp7fQ==", "expire_date": "2015-09-01T07:17:53.870Z"}, "pk": "g6zb83iob4nefwrvthgsaw3amz02qc9i"}, {"model": "sessions.session", "fields": {"session_data": "NzE4YWM0YTJhYzA3OWY1ZDk4MDJkMWVmYzE5MDc1Y2VmZjFlYTNiMzp7Il9hdXRoX3VzZXJfYmFja2VuZCI6ImRqYW5nby5jb250cmliLmF1dGguYmFja2VuZHMuTW9kZWxCYWNrZW5kIiwiX2F1dGhfdXNlcl9oYXNoIjoiZWE0YjczZGE2OTliYWY4MDRlMjBmMjE5OWNiMzZhOTI0YzFhZmJjOSIsIl9hdXRoX3VzZXJfaWQiOiIxIn0=", "expire_date": "2015-09-02T15:13:10.840Z"}, "pk": "qphyncpa9l68cdt3khp5hwh5lyfew32a"}, {"model": "sessions.session", "fields": {"session_data": "OWJkYTQ2OGJmZWU5YzE4YzM3MjVhZjY2MjE5MTgwMWJkMjJhMjJjZDp7Il9hdXRoX3VzZXJfYmFja2VuZCI6ImRqYW5nby5jb250cmliLmF1dGguYmFja2VuZHMuTW9kZWxCYWNrZW5kIiwiX2F1dGhfdXNlcl9pZCI6IjEiLCJfYXV0aF91c2VyX2hhc2giOiJlYTRiNzNkYTY5OWJhZjgwNGUyMGYyMTk5Y2IzNmE5MjRjMWFmYmM5In0=", "expire_date": "2015-09-02T17:29:12.769Z"}, "pk": "x0yb996s7aeapg4ta3oboqqc0gni0but"}, {"model": "complain.complain", "fields": {"state": "F", "service_item": 1, "text": "\u0645\u062d\u0644 \u0627\u0633\u06a9\u0627\u0646 \u0628\u0633\u06cc\u0627\u0631 \u06a9\u062b\u06cc\u0641 \u0648 \u0646\u0627\u0645\u0646\u0638\u0645 \u0628\u0648\u062f! \r\n\r\n\u0628\u0627 \u062a\u0634\u06a9\u0631", "last_state_change": "2015-08-19T19:57:38.372Z", "create_date": "2015-08-19T15:12:49.650Z", "answer": "\u0634\u06a9\u0627\u06cc\u062a \u0634\u0645\u0627 \u0648\u0627\u0631\u062f \u0627\u0633\u062a! \u0627\u06cc\u0646 \u062e\u062f\u0645\u062a\u0633\u0627\u0632(\u06cc\u0627\u0631) \u062d\u0630\u0641 \u062e\u0648\u0627\u0647\u062f \u0634\u062f!", "title": "\u0634\u06a9\u0627\u06cc\u062a \u0627\u0632 \u0645\u062d\u0644 \u0627\u0633\u06a9\u0627\u0646"}, "pk": 1}, {"model": "service.service", "fields": {"polymorphic_ctype": 16, "tag_line": "\u067e\u0631\u0648\u0627\u0632\u06cc \u0622\u0631\u0627\u0645 \u0648 \u062f\u0644\u0646\u0634\u06cc\u0646", "image": "base/service_images/\u0645\u0627\u0647\u0627\u0646.jpg", "price": 1200000, "sold_number": "f_3_1", "capacity": 120}, "pk": 1}, {"model": "service.service", "fields": {"polymorphic_ctype": 18, "tag_line": "\u062a\u0648\u0631 \u062a\u0642\u0631\u06cc\u062d\u06cc \u0633\u06cc\u0627\u062d\u062a\u06cc", "image": "base/service_images/\u0627\u0646\u062a\u062e\u0627\u0628\u0627\u062a.jpg", "price": 300000, "sold_number": "t_1_2", "capacity": 100}, "pk": 2}, {"model": "service.service", "fields": {"polymorphic_ctype": 17, "tag_line": "\u0627\u062a\u0627\u0642\u06cc \u0632\u06cc\u0628\u0627 \u0648 \u062f\u0644\u0646\u0634\u06cc\u0646", "image": "base/service_images/\u0627\u062a\u0627\u0642.jpg", "price": 10000, "sold_number": "r_2_3", "capacity": 10}, "pk": 3}, {"model": "service.service", "fields": {"polymorphic_ctype": 17, "tag_line": "\u0627\u062a\u0627\u0642 \u06f3 \u0646\u0641\u0631\u0647 \u0632\u06cc\u0628\u0627", "image": "base/service_images/\u0627\u062a\u0627\u0642_0QAF3VZ.jpg", "price": 2000000, "sold_number": "r_2_4", "capacity": 12}, "pk": 4}, {"model": "service.service", "fields": {"polymorphic_ctype": 18, "tag_line": "\u062a\u0648\u0631 \u062a\u0642\u0631\u06cc\u062d\u06cc \u0633\u06cc\u0627\u062d\u062a\u06cc", "image": "base/service_images/Iman1.jpg", "price": 300000, "sold_number": "t_1_5", "capacity": 20}, "pk": 5}, {"model": "service.flight", "fields": {"type": "Flight", "destination": 4, "flight_number": "143", "airplane": "airbus123", "date": "2015-08-21", "airline": 3, "origin": 1, "time": "12:30:00"}, "pk": 1}, {"model": "service.room", "fields": {"type": "Room", "has_telephone": true, "end_date": "2015-08-28", "has_television": true, "number_of_bed": 2, "start_date": "2015-08-25", "has_bathroom": true, "hotel": 2}, "pk": 3}, {"model": "service.room", "fields": {"type": "Room", "has_telephone": false, "end_date": "2015-08-31", "has_television": true, "number_of_bed": 4, "start_date": "2015-08-27", "has_bathroom": true, "hotel": 2}, "pk": 4}, {"model": "service.tour", "fields": {"description": "\u0628\u0627\u0632\u062f\u06cc\u062f \u0627\u0632 \u062c\u0632\u06cc\u0631\u0647 \u0632\u06cc\u0628\u0627 \u0648 \u062f\u06cc\u062f\u0646\u06cc \u06a9\u06cc\u0634!", "destination": 4, "going_date": "2015-08-21", "trans_type": "plane", "return_date": "2015-08-26", "type": "Tour", "travel_agency": 1, "tour_guide_name": "\u0622\u0642\u0627\u06cc \u06cc\u0632\u062f\u0627\u0646 \u067e\u0646\u0627\u0647", "origin": 1, "hotel_name": "\u0647\u062a\u0644 \u062f\u0627\u0631\u06cc\u0648\u0634 \u06a9\u06cc\u0634"}, "pk": 2}, {"model": "service.tour", "fields": {"description": "\u062a\u0648\u0631\u06cc \u062c\u0627\u0644\u0628 \u0648 \u062f\u06cc\u062f\u0646\u06cc \u0628\u0647 \u06af\u0631\u06af\u0627\u0646", "destination": 13, "going_date": "2015-08-27", "trans_type": "plane", "return_date": "2015-08-30", "type": "Tour", "travel_agency": 1, "tour_guide_name": "\u0622\u0642\u0627\u06cc \u0646\u062f\u0627\u0641", "origin": 1, "hotel_name": "\u0647\u062a\u0644 \u06a9\u0648\u0631\u0648\u0634 "}, "pk": 5}, {"model": "service.airport", "fields": {"city": 1, "name": "\u0641\u0631\u0648\u062f\u06af\u0627\u0647 \u0645\u0647\u0631\u0622\u0628\u0627\u062f", "address": "\u0627\u0646\u062a\u0647\u0627\u06cc \u0627\u062a\u0648\u0628\u0627\u0646 \u0634\u0647\u06cc\u062f \u0633\u062a\u0627\u0631\u06cc"}, "pk": 1}, {"model": "service.airport", "fields": {"city": 1, "name": "\u0641\u0631\u0648\u062f\u06af\u0627\u0647 \u0628\u06cc\u0646 \u0627\u0644\u0645\u0644\u0644\u06cc \u0627\u0645\u0627\u0645 \u062e\u0645\u06cc\u0646\u06cc", "address": "\u0633\u06cc \u06a9\u06cc\u0644\u0648\u0645\u062a\u0631\u06cc \u062c\u0627\u062f\u0647 \u062a\u0647\u0631\u0627\u0646 \u0642\u0645"}, "pk": 2}, {"model": "service.airport", "fields": {"city": 4, "name": "\u0641\u0631\u0648\u062f\u06af\u0627\u0647 \u0628\u06cc\u0646\u200c\u0627\u0644\u0645\u0644\u0644\u06cc \u06a9\u06cc\u0634", "address": "\u062c\u0632\u06cc\u0631\u0647 \u06a9\u06cc\u0634"}, "pk": 3}, {"model": "service.airport", "fields": {"city": 2, "name": "\u0641\u0631\u0648\u062f\u06af\u0627\u0647 \u06cc\u0632\u062f", "address": "\u0645\u06cc\u062f\u0627\u0646 \u0647\u0645\u0627\u0641\u0631 "}, "pk": 4}, {"model": "service.airport", "fields": {"city": 35, "name": "\u0641\u0631\u0648\u062f\u06af\u0627\u0647 \u0645\u0634\u0647\u062f", "address": "\u0628\u0644\u0648\u0627\u0631 \u0647\u0627\u0634\u0645\u06cc\u200c\u0646\u0698\u0627\u062f "}, "pk": 5}, {"model": "service.airport", "fields": {"city": 9, "name": "\u0641\u0631\u0648\u062f\u06af\u0627\u0647 \u0634\u0647\u06cc\u062f \u062f\u0633\u062a\u063a\u06cc\u0628 \u0634\u06cc\u0631\u0627\u0632", "address": "\u0628\u0644\u0648\u0627\u0631 \u062e\u0644\u06cc\u062c \u0641\u0627\u0631\u0633"}, "pk": 6}, {"model": "sale.cart", "fields": {"last_modified": "2015-08-18T08:14:07.944Z"}, "pk": 1}, {"model": "sale.cart", "fields": {"last_modified": "2015-08-18T10:13:16.813Z"}, "pk": 2}, {"model": "sale.factor", "fields": {"create_date": "2015-08-18T09:10:37.466Z", "tourist": 4}, "pk": 1}, {"model": "sale.factor", "fields": {"create_date": "2015-08-18T10:13:19.885Z", "tourist": 5}, "pk": 2}, {"model": "sale.factor", "fields": {"create_date": "2015-08-18T12:59:06.835Z", "tourist": 4}, "pk": 3}, {"model": "sale.serviceitem", "fields": {"number": 2, "service": 5, "factor": 1, "cart": null}, "pk": 1}, {"model": "sale.serviceitem", "fields": {"number": 4, "service": 1, "factor": 1, "cart": null}, "pk": 2}, {"model": "sale.serviceitem", "fields": {"number": 5, "service": 4, "factor": 1, "cart": null}, "pk": 3}, {"model": "sale.serviceitem", "fields": {"number": 3, "service": 2, "factor": 2, "cart": null}, "pk": 4}, {"model": "sale.serviceitem", "fields": {"number": 5, "service": 4, "factor": 2, "cart": null}, "pk": 5}, {"model": "sale.serviceitem", "fields": {"number": 6, "service": 4, "factor": 3, "cart": null}, "pk": 6}, {"model": "sale.serviceitem", "fields": {"number": 6, "service": 3, "factor": 3, "cart": null}, "pk": 7}, {"model": "sale.serviceitem", "fields": {"number": 1, "service": 2, "factor": null, "cart": 1}, "pk": 8}, {"model": "base.location", "fields": {"city": 1, "address": "\u0627\u0648\u06cc\u0646 - \u062c\u0646\u0628 \u0628\u0632\u0631\u06af\u0631\u0627\u0647 \u0646\u06cc\u0627\u06cc\u0634"}, "pk": 1}, {"model": "base.location", "fields": {"city": 1, "address": "\u0628\u0632\u0631\u06af\u0631\u0627\u0647 \u0634\u0647\u06cc\u062f \u0633\u062a\u0627\u0631\u06cc - \u0647\u0648\u0627\u067e\u06cc\u0645\u0627\u06cc\u06cc \u0645\u0627\u0647\u0627\u0646"}, "pk": 2}, {"model": "base.location", "fields": {"city": 1, "address": "\u0646\u0627\u0631\u0645\u06a9 - \u0645\u06cc\u062f\u0627\u0646 \u0647\u0644\u0627\u0644 \u0627\u062d\u0645\u0631 - \u06a9\u0648\u0686\u0647 \u0634\u06cc\u0631\u0627\u0632\u0647 - \u067e\u0644\u0627\u06a9 \u06f1\u06f4- \u0648\u0627\u062d\u062f\u06f4"}, "pk": 3}, {"model": "base.location", "fields": {"city": 1, "address": "\u062c\u0646\u0628 \u0645\u062a\u0631\u0648 \u0637\u0631\u0634\u062a - \u06a9\u0648\u0686\u0647 \u0645\u06cc\u0646\u0627 - \u067e\u0644\u0627\u06a9 \u06f2"}, "pk": 4}, {"model": "base.location", "fields": {"city": 1, "address": "\u0627\u0648\u06cc\u0646"}, "pk": 5}, {"model": "base.location", "fields": {"city": 1, "address": "\u0627\u0648\u06cc\u0646 - \u062c\u0646\u0628 \u0628\u0632\u0631\u06af\u0631\u0627\u0647 \u0645\u062f\u0631\u0633"}, "pk": 6}, {"model": "base.location", "fields": {"city": 1, "address": "\u0627\u0648\u06cc\u0646 - \u062c\u0646\u0628 \u0628\u0632\u0631\u06af\u0631\u0627\u0647 \u0634\u0647\u06cc\u062f \u0686\u0645\u0631\u0627\u0646"}, "pk": 7}, {"model": "base.location", "fields": {"city": 1, "address": "\u0633\u067e\u0627\u0633 \u0627\u06cc\u0631\u0627\u0646\r\n"}, "pk": 8}, {"model": "base.city", "fields": {"name": "\u062a\u0647\u0631\u0627\u0646", "map_code": "ir-th", "collection": null}, "pk": 1}, {"model": "base.city", "fields": {"name": "\u06cc\u0632\u062f", "map_code": "ir-ya", "collection": null}, "pk": 2}, {"model": "base.city", "fields": {"name": "\u062e\u0631\u0645\u200c\u0622\u0628\u0627\u062f", "map_code": "ir-lo", "collection": null}, "pk": 3}, {"model": "base.city", "fields": {"name": "\u06a9\u06cc\u0634", "map_code": "ir-hg", "collection": null}, "pk": 4}, {"model": "base.city", "fields": {"name": "\u0642\u0634\u0645", "map_code": "ir-hg", "collection": null}, "pk": 5}, {"model": "base.city", "fields": {"name": "\u0628\u0646\u062f\u0631\u0639\u0628\u0627\u0633", "map_code": "ir-hg", "collection": null}, "pk": 6}, {"model": "base.city", "fields": {"name": "\u0628\u0648\u0634\u0647\u0631", "map_code": "ir-bs", "collection": null}, "pk": 7}, {"model": "base.city", "fields": {"name": "\u06cc\u0627\u0633\u0648\u062c", "map_code": "ir-kb", "collection": null}, "pk": 8}, {"model": "base.city", "fields": {"name": "\u0634\u06cc\u0631\u0627\u0632", "map_code": "ir-fa", "collection": null}, "pk": 9}, {"model": "base.city", "fields": {"name": "\u0627\u0635\u0641\u0647\u0627\u0646", "map_code": "ir-es", "collection": null}, "pk": 10}, {"model": "base.city", "fields": {"name": "\u06a9\u0627\u0634\u0627\u0646", "map_code": "ir-es", "collection": null}, "pk": 11}, {"model": "base.city", "fields": {"name": "\u0633\u0645\u0646\u0627\u0646", "map_code": "ir-sm", "collection": null}, "pk": 12}, {"model": "base.city", "fields": {"name": "\u06af\u0631\u06af\u0627\u0646", "map_code": "ir-go", "collection": null}, "pk": 13}, {"model": "base.city", "fields": {"name": "\u0633\u0627\u0631\u06cc", "map_code": "ir-mn", "collection": null}, "pk": 14}, {"model": "base.city", "fields": {"name": "\u0631\u0627\u0645\u0633\u0631", "map_code": "ir-mn", "collection": null}, "pk": 15}, {"model": "base.city", "fields": {"name": "\u0622\u0645\u0644", "map_code": "ir-mn", "collection": null}, "pk": 16}, {"model": "base.city", "fields": {"name": "\u0627\u0631\u0627\u06a9", "map_code": "ir-mk", "collection": null}, "pk": 17}, {"model": "base.city", "fields": {"name": "\u0634\u0647\u0631\u06a9\u0631\u062f", "map_code": "ir-cm", "collection": null}, "pk": 18}, {"model": "base.city", "fields": {"name": "\u0627\u0647\u0648\u0627\u0632", "map_code": "ir-kz", "collection": null}, "pk": 19}, {"model": "base.city", "fields": {"name": "\u0622\u0628\u0627\u062f\u0627\u0646", "map_code": "ir-kz", "collection": null}, "pk": 20}, {"model": "base.city", "fields": {"name": "\u0627\u06cc\u0644\u0627\u0645", "map_code": "ir-il", "collection": null}, "pk": 21}, {"model": "base.city", "fields": {"name": "\u0627\u0631\u062f\u0628\u06cc\u0644", "map_code": "ir-ar", "collection": null}, "pk": 22}, {"model": "base.city", "fields": {"name": "\u0633\u0631\u0639\u06cc\u0646", "map_code": "ir-ar", "collection": null}, "pk": 23}, {"model": "base.city", "fields": {"name": "\u0642\u0645", "map_code": "ir-qm", "collection": null}, "pk": 24}, {"model": "base.city", "fields": {"name": "\u0647\u0645\u062f\u0627\u0646", "map_code": "ir-hd", "collection": null}, "pk": 25}, {"model": "base.city", "fields": {"name": "\u0632\u0646\u062c\u0627\u0646", "map_code": "ir-za", "collection": null}, "pk": 26}, {"model": "base.city", "fields": {"name": "\u0642\u0632\u0648\u06cc\u0646", "map_code": "ir-qz", "collection": null}, "pk": 27}, {"model": "base.city", "fields": {"name": "\u0627\u0631\u0648\u0645\u06cc\u0647", "map_code": "ir-wa", "collection": null}, "pk": 28}, {"model": "base.city", "fields": {"name": "\u062a\u0628\u0631\u06cc\u0632", "map_code": "ir-ea", "collection": null}, "pk": 29}, {"model": "base.city", "fields": {"name": "\u06a9\u0631\u0645\u0627\u0646\u0634\u0627\u0647", "map_code": "ir-bk", "collection": null}, "pk": 30}, {"model": "base.city", "fields": {"name": "\u0631\u0634\u062a", "map_code": "ir-gi", "collection": null}, "pk": 31}, {"model": "base.city", "fields": {"name": "\u0645\u0627\u0633\u0648\u0644\u0647", "map_code": "ir-gi", "collection": null}, "pk": 32}, {"model": "base.city", "fields": {"name": "\u0633\u0646\u0646\u062f\u062c", "map_code": "ir-kd", "collection": null}, "pk": 33}, {"model": "base.city", "fields": {"name": "\u0628\u06cc\u0631\u062c\u0646\u062f", "map_code": "ir-kj", "collection": null}, "pk": 34}, {"model": "base.city", "fields": {"name": "\u0645\u0634\u0647\u062f", "map_code": "ir-kv", "collection": null}, "pk": 35}, {"model": "base.city", "fields": {"name": "\u0646\u06cc\u0634\u0627\u0628\u0648\u0631", "map_code": "ir-kv", "collection": null}, "pk": 36}, {"model": "base.city", "fields": {"name": "\u0628\u062c\u0646\u0648\u0631\u062f", "map_code": "ir-ks", "collection": null}, "pk": 37}, {"model": "base.city", "fields": {"name": "\u0632\u0627\u0647\u062f\u0627\u0646", "map_code": "ir-sb", "collection": null}, "pk": 38}, {"model": "base.city", "fields": {"name": "\u06a9\u0631\u0645\u0627\u0646", "map_code": "ir-ke", "collection": null}, "pk": 39}, {"model": "base.city", "fields": {"name": "\u06a9\u0631\u062c", "map_code": "ir-al", "collection": null}, "pk": 40}, {"model": "auth.permission", "fields": {"name": "Can add log entry", "codename": "add_logentry", "content_type": 1}, "pk": 1}, {"model": "auth.permission", "fields": {"name": "Can change log entry", "codename": "change_logentry", "content_type": 1}, "pk": 2}, {"model": "auth.permission", "fields": {"name": "Can delete log entry", "codename": "delete_logentry", "content_type": 1}, "pk": 3}, {"model": "auth.permission", "fields": {"name": "Can add permission", "codename": "add_permission", "content_type": 2}, "pk": 4}, {"model": "auth.permission", "fields": {"name": "Can change permission", "codename": "change_permission", "content_type": 2}, "pk": 5}, {"model": "auth.permission", "fields": {"name": "Can delete permission", "codename": "delete_permission", "content_type": 2}, "pk": 6}, {"model": "auth.permission", "fields": {"name": "Can add group", "codename": "add_group", "content_type": 3}, "pk": 7}, {"model": "auth.permission", "fields": {"name": "Can change group", "codename": "change_group", "content_type": 3}, "pk": 8}, {"model": "auth.permission", "fields": {"name": "Can delete group", "codename": "delete_group", "content_type": 3}, "pk": 9}, {"model": "auth.permission", "fields": {"name": "Can add user", "codename": "add_user", "content_type": 4}, "pk": 10}, {"model": "auth.permission", "fields": {"name": "Can change user", "codename": "change_user", "content_type": 4}, "pk": 11}, {"model": "auth.permission", "fields": {"name": "Can delete user", "codename": "delete_user", "content_type": 4}, "pk": 12}, {"model": "auth.permission", "fields": {"name": "Can add content type", "codename": "add_contenttype", "content_type": 5}, "pk": 13}, {"model": "auth.permission", "fields": {"name": "Can change content type", "codename": "change_contenttype", "content_type": 5}, "pk": 14}, {"model": "auth.permission", "fields": {"name": "Can delete content type", "codename": "delete_contenttype", "content_type": 5}, "pk": 15}, {"model": "auth.permission", "fields": {"name": "Can add session", "codename": "add_session", "content_type": 6}, "pk": 16}, {"model": "auth.permission", "fields": {"name": "Can change session", "codename": "change_session", "content_type": 6}, "pk": 17}, {"model": "auth.permission", "fields": {"name": "Can delete session", "codename": "delete_session", "content_type": 6}, "pk": 18}, {"model": "auth.permission", "fields": {"name": "Can add complain", "codename": "add_complain", "content_type": 7}, "pk": 19}, {"model": "auth.permission", "fields": {"name": "Can change complain", "codename": "change_complain", "content_type": 7}, "pk": 20}, {"model": "auth.permission", "fields": {"name": "Can delete complain", "codename": "delete_complain", "content_type": 7}, "pk": 21}, {"model": "auth.permission", "fields": {"name": "Can add poll", "codename": "add_poll", "content_type": 8}, "pk": 22}, {"model": "auth.permission", "fields": {"name": "Can change poll", "codename": "change_poll", "content_type": 8}, "pk": 23}, {"model": "auth.permission", "fields": {"name": "Can delete poll", "codename": "delete_poll", "content_type": 8}, "pk": 24}, {"model": "auth.permission", "fields": {"name": "Can add room poll", "codename": "add_roompoll", "content_type": 9}, "pk": 25}, {"model": "auth.permission", "fields": {"name": "Can change room poll", "codename": "change_roompoll", "content_type": 9}, "pk": 26}, {"model": "auth.permission", "fields": {"name": "Can delete room poll", "codename": "delete_roompoll", "content_type": 9}, "pk": 27}, {"model": "auth.permission", "fields": {"name": "Can add flight poll", "codename": "add_flightpoll", "content_type": 10}, "pk": 28}, {"model": "auth.permission", "fields": {"name": "Can change flight poll", "codename": "change_flightpoll", "content_type": 10}, "pk": 29}, {"model": "auth.permission", "fields": {"name": "Can delete flight poll", "codename": "delete_flightpoll", "content_type": 10}, "pk": 30}, {"model": "auth.permission", "fields": {"name": "Can add tour poll", "codename": "add_tourpoll", "content_type": 11}, "pk": 31}, {"model": "auth.permission", "fields": {"name": "Can change tour poll", "codename": "change_tourpoll", "content_type": 11}, "pk": 32}, {"model": "auth.permission", "fields": {"name": "Can delete tour poll", "codename": "delete_tourpoll", "content_type": 11}, "pk": 33}, {"model": "auth.permission", "fields": {"name": "Can add manager", "codename": "add_manager", "content_type": 12}, "pk": 34}, {"model": "auth.permission", "fields": {"name": "Can change manager", "codename": "change_manager", "content_type": 12}, "pk": 35}, {"model": "auth.permission", "fields": {"name": "Can delete manager", "codename": "delete_manager", "content_type": 12}, "pk": 36}, {"model": "auth.permission", "fields": {"name": "Can add message", "codename": "add_message", "content_type": 13}, "pk": 37}, {"model": "auth.permission", "fields": {"name": "Can change message", "codename": "change_message", "content_type": 13}, "pk": 38}, {"model": "auth.permission", "fields": {"name": "Can delete message", "codename": "delete_message", "content_type": 13}, "pk": 39}, {"model": "auth.permission", "fields": {"name": "Can add service", "codename": "add_service", "content_type": 14}, "pk": 40}, {"model": "auth.permission", "fields": {"name": "Can change service", "codename": "change_service", "content_type": 14}, "pk": 41}, {"model": "auth.permission", "fields": {"name": "Can delete service", "codename": "delete_service", "content_type": 14}, "pk": 42}, {"model": "auth.permission", "fields": {"name": "Can add comment", "codename": "add_comment", "content_type": 15}, "pk": 43}, {"model": "auth.permission", "fields": {"name": "Can change comment", "codename": "change_comment", "content_type": 15}, "pk": 44}, {"model": "auth.permission", "fields": {"name": "Can delete comment", "codename": "delete_comment", "content_type": 15}, "pk": 45}, {"model": "auth.permission", "fields": {"name": "Can add flight", "codename": "add_flight", "content_type": 16}, "pk": 46}, {"model": "auth.permission", "fields": {"name": "Can change flight", "codename": "change_flight", "content_type": 16}, "pk": 47}, {"model": "auth.permission", "fields": {"name": "Can delete flight", "codename": "delete_flight", "content_type": 16}, "pk": 48}, {"model": "auth.permission", "fields": {"name": "Can add room", "codename": "add_room", "content_type": 17}, "pk": 49}, {"model": "auth.permission", "fields": {"name": "Can change room", "codename": "change_room", "content_type": 17}, "pk": 50}, {"model": "auth.permission", "fields": {"name": "Can delete room", "codename": "delete_room", "content_type": 17}, "pk": 51}, {"model": "auth.permission", "fields": {"name": "Can add tour", "codename": "add_tour", "content_type": 18}, "pk": 52}, {"model": "auth.permission", "fields": {"name": "Can change tour", "codename": "change_tour", "content_type": 18}, "pk": 53}, {"model": "auth.permission", "fields": {"name": "Can delete tour", "codename": "delete_tour", "content_type": 18}, "pk": 54}, {"model": "auth.permission", "fields": {"name": "Can add airport", "codename": "add_airport", "content_type": 19}, "pk": 55}, {"model": "auth.permission", "fields": {"name": "Can change airport", "codename": "change_airport", "content_type": 19}, "pk": 56}, {"model": "auth.permission", "fields": {"name": "Can delete airport", "codename": "delete_airport", "content_type": 19}, "pk": 57}, {"model": "auth.permission", "fields": {"name": "Can add service provider", "codename": "add_serviceprovider", "content_type": 20}, "pk": 58}, {"model": "auth.permission", "fields": {"name": "Can change service provider", "codename": "change_serviceprovider", "content_type": 20}, "pk": 59}, {"model": "auth.permission", "fields": {"name": "Can delete service provider", "codename": "delete_serviceprovider", "content_type": 20}, "pk": 60}, {"model": "auth.permission", "fields": {"name": "Can add hotel", "codename": "add_hotel", "content_type": 21}, "pk": 61}, {"model": "auth.permission", "fields": {"name": "Can change hotel", "codename": "change_hotel", "content_type": 21}, "pk": 62}, {"model": "auth.permission", "fields": {"name": "Can delete hotel", "codename": "delete_hotel", "content_type": 21}, "pk": 63}, {"model": "auth.permission", "fields": {"name": "Can add air line", "codename": "add_airline", "content_type": 22}, "pk": 64}, {"model": "auth.permission", "fields": {"name": "Can change air line", "codename": "change_airline", "content_type": 22}, "pk": 65}, {"model": "auth.permission", "fields": {"name": "Can delete air line", "codename": "delete_airline", "content_type": 22}, "pk": 66}, {"model": "auth.permission", "fields": {"name": "Can add travel agency", "codename": "add_travelagency", "content_type": 23}, "pk": 67}, {"model": "auth.permission", "fields": {"name": "Can change travel agency", "codename": "change_travelagency", "content_type": 23}, "pk": 68}, {"model": "auth.permission", "fields": {"name": "Can delete travel agency", "codename": "delete_travelagency", "content_type": 23}, "pk": 69}, {"model": "auth.permission", "fields": {"name": "Can add tourist", "codename": "add_tourist", "content_type": 24}, "pk": 70}, {"model": "auth.permission", "fields": {"name": "Can change tourist", "codename": "change_tourist", "content_type": 24}, "pk": 71}, {"model": "auth.permission", "fields": {"name": "Can delete tourist", "codename": "delete_tourist", "content_type": 24}, "pk": 72}, {"model": "auth.permission", "fields": {"name": "Can add cart", "codename": "add_cart", "content_type": 25}, "pk": 73}, {"model": "auth.permission", "fields": {"name": "Can change cart", "codename": "change_cart", "content_type": 25}, "pk": 74}, {"model": "auth.permission", "fields": {"name": "Can delete cart", "codename": "delete_cart", "content_type": 25}, "pk": 75}, {"model": "auth.permission", "fields": {"name": "Can add factor", "codename": "add_factor", "content_type": 26}, "pk": 76}, {"model": "auth.permission", "fields": {"name": "Can change factor", "codename": "change_factor", "content_type": 26}, "pk": 77}, {"model": "auth.permission", "fields": {"name": "Can delete factor", "codename": "delete_factor", "content_type": 26}, "pk": 78}, {"model": "auth.permission", "fields": {"name": "Can add service item", "codename": "add_serviceitem", "content_type": 27}, "pk": 79}, {"model": "auth.permission", "fields": {"name": "Can change service item", "codename": "change_serviceitem", "content_type": 27}, "pk": 80}, {"model": "auth.permission", "fields": {"name": "Can delete service item", "codename": "delete_serviceitem", "content_type": 27}, "pk": 81}, {"model": "auth.permission", "fields": {"name": "Can add task state", "codename": "add_taskmeta", "content_type": 28}, "pk": 82}, {"model": "auth.permission", "fields": {"name": "Can change task state", "codename": "change_taskmeta", "content_type": 28}, "pk": 83}, {"model": "auth.permission", "fields": {"name": "Can delete task state", "codename": "delete_taskmeta", "content_type": 28}, "pk": 84}, {"model": "auth.permission", "fields": {"name": "Can add saved group result", "codename": "add_tasksetmeta", "content_type": 29}, "pk": 85}, {"model": "auth.permission", "fields": {"name": "Can change saved group result", "codename": "change_tasksetmeta", "content_type": 29}, "pk": 86}, {"model": "auth.permission", "fields": {"name": "Can delete saved group result", "codename": "delete_tasksetmeta", "content_type": 29}, "pk": 87}, {"model": "auth.permission", "fields": {"name": "Can add interval", "codename": "add_intervalschedule", "content_type": 30}, "pk": 88}, {"model": "auth.permission", "fields": {"name": "Can change interval", "codename": "change_intervalschedule", "content_type": 30}, "pk": 89}, {"model": "auth.permission", "fields": {"name": "Can delete interval", "codename": "delete_intervalschedule", "content_type": 30}, "pk": 90}, {"model": "auth.permission", "fields": {"name": "Can add crontab", "codename": "add_crontabschedule", "content_type": 31}, "pk": 91}, {"model": "auth.permission", "fields": {"name": "Can change crontab", "codename": "change_crontabschedule", "content_type": 31}, "pk": 92}, {"model": "auth.permission", "fields": {"name": "Can delete crontab", "codename": "delete_crontabschedule", "content_type": 31}, "pk": 93}, {"model": "auth.permission", "fields": {"name": "Can add periodic tasks", "codename": "add_periodictasks", "content_type": 32}, "pk": 94}, {"model": "auth.permission", "fields": {"name": "Can change periodic tasks", "codename": "change_periodictasks", "content_type": 32}, "pk": 95}, {"model": "auth.permission", "fields": {"name": "Can delete periodic tasks", "codename": "delete_periodictasks", "content_type": 32}, "pk": 96}, {"model": "auth.permission", "fields": {"name": "Can add periodic task", "codename": "add_periodictask", "content_type": 33}, "pk": 97}, {"model": "auth.permission", "fields": {"name": "Can change periodic task", "codename": "change_periodictask", "content_type": 33}, "pk": 98}, {"model": "auth.permission", "fields": {"name": "Can delete periodic task", "codename": "delete_periodictask", "content_type": 33}, "pk": 99}, {"model": "auth.permission", "fields": {"name": "Can add worker", "codename": "add_workerstate", "content_type": 34}, "pk": 100}, {"model": "auth.permission", "fields": {"name": "Can change worker", "codename": "change_workerstate", "content_type": 34}, "pk": 101}, {"model": "auth.permission", "fields": {"name": "Can delete worker", "codename": "delete_workerstate", "content_type": 34}, "pk": 102}, {"model": "auth.permission", "fields": {"name": "Can add task", "codename": "add_taskstate", "content_type": 35}, "pk": 103}, {"model": "auth.permission", "fields": {"name": "Can change task", "codename": "change_taskstate", "content_type": 35}, "pk": 104}, {"model": "auth.permission", "fields": {"name": "Can delete task", "codename": "delete_taskstate", "content_type": 35}, "pk": 105}, {"model": "auth.permission", "fields": {"name": "Can add cron job log", "codename": "add_cronjoblog", "content_type": 36}, "pk": 106}, {"model": "auth.permission", "fields": {"name": "Can change cron job log", "codename": "change_cronjoblog", "content_type": 36}, "pk": 107}, {"model": "auth.permission", "fields": {"name": "Can delete cron job log", "codename": "delete_cronjoblog", "content_type": 36}, "pk": 108}, {"model": "auth.permission", "fields": {"name": "Can add site user", "codename": "add_siteuser", "content_type": 37}, "pk": 109}, {"model": "auth.permission", "fields": {"name": "Can change site user", "codename": "change_siteuser", "content_type": 37}, "pk": 110}, {"model": "auth.permission", "fields": {"name": "Can delete site user", "codename": "delete_siteuser", "content_type": 37}, "pk": 111}, {"model": "auth.permission", "fields": {"name": "Can add location", "codename": "add_location", "content_type": 38}, "pk": 112}, {"model": "auth.permission", "fields": {"name": "Can change location", "codename": "change_location", "content_type": 38}, "pk": 113}, {"model": "auth.permission", "fields": {"name": "Can delete location", "codename": "delete_location", "content_type": 38}, "pk": 114}, {"model": "auth.permission", "fields": {"name": "Can add city", "codename": "add_city", "content_type": 39}, "pk": 115}, {"model": "auth.permission", "fields": {"name": "Can change city", "codename": "change_city", "content_type": 39}, "pk": 116}, {"model": "auth.permission", "fields": {"name": "Can delete city", "codename": "delete_city", "content_type": 39}, "pk": 117}, {"model": "auth.permission", "fields": {"name": "Can add city collection", "codename": "add_citycollection", "content_type": 40}, "pk": 118}, {"model": "auth.permission", "fields": {"name": "Can change city collection", "codename": "change_citycollection", "content_type": 40}, "pk": 119}, {"model": "auth.permission", "fields": {"name": "Can delete city collection", "codename": "delete_citycollection", "content_type": 40}, "pk": 120}, {"model": "auth.permission", "fields": {"name": "Can add queue", "codename": "add_queue", "content_type": 41}, "pk": 121}, {"model": "auth.permission", "fields": {"name": "Can change queue", "codename": "change_queue", "content_type": 41}, "pk": 122}, {"model": "auth.permission", "fields": {"name": "Can delete queue", "codename": "delete_queue", "content_type": 41}, "pk": 123}, {"model": "auth.permission", "fields": {"name": "Can add message", "codename": "add_message", "content_type": 42}, "pk": 124}, {"model": "auth.permission", "fields": {"name": "Can change message", "codename": "change_message", "content_type": 42}, "pk": 125}, {"model": "auth.permission", "fields": {"name": "Can delete message", "codename": "delete_message", "content_type": 42}, "pk": 126}, {"model": "auth.permission", "fields": {"name": "Can add advertise box", "codename": "add_advertisebox", "content_type": 43}, "pk": 127}, {"model": "auth.permission", "fields": {"name": "Can change advertise box", "codename": "change_advertisebox", "content_type": 43}, "pk": 128}, {"model": "auth.permission", "fields": {"name": "Can delete advertise box", "codename": "delete_advertisebox", "content_type": 43}, "pk": 129}, {"model": "auth.user", "fields": {"username": "admin", "is_active": true, "date_joined": "2015-08-18T07:03:53.448Z", "is_superuser": true, "email": "admin@admin.com", "last_name": "", "last_login": "2015-08-19T17:29:12.767Z", "first_name": "", "user_permissions": [], "groups": [], "is_staff": true, "password": "pbkdf2_sha256$20000$wcd0gfxeIFBa$IoxPGnuAlpw2mXXChiVMgt7UwrrhcLSdEsdcF+p5qlo="}, "pk": 1}, {"model": "auth.user", "fields": {"username": "asangasht", "is_active": true, "date_joined": "2015-08-18T07:05:59.690Z", "is_superuser": false, "email": "", "last_name": "", "last_login": null, "first_name": "", "user_permissions": [], "groups": [], "is_staff": false, "password": "pbkdf2_sha256$20000$jHS3qUK0I2Kw$g6AX+H5tjYbmuS9h2kPBS9/pWY+ZpwDjsRfUpch4Xxs="}, "pk": 2}, {"model": "auth.user", "fields": {"username": "parsian", "is_active": true, "date_joined": "2015-08-18T07:08:22.528Z", "is_superuser": false, "email": "", "last_name": "", "last_login": "2015-08-19T06:15:44.747Z", "first_name": "", "user_permissions": [], "groups": [], "is_staff": false, "password": "pbkdf2_sha256$20000$J0CbOuntXY8F$LEp23LGlIkB5s+MkVXVibq48UoTziW9/hlBqMXeKsS8="}, "pk": 3}, {"model": "auth.user", "fields": {"username": "mahan", "is_active": true, "date_joined": "2015-08-18T07:14:28.555Z", "is_superuser": false, "email": "", "last_name": "", "last_login": null, "first_name": "", "user_permissions": [], "groups": [], "is_staff": false, "password": "pbkdf2_sha256$20000$0hNyjrVv5JZA$Mq6kkBVYEgBARzO9A64ur5k3oTw6waujSDGi84AeAS0="}, "pk": 4}, {"model": "auth.user", "fields": {"username": "iman", "is_active": true, "date_joined": "2015-08-18T08:12:17Z", "is_superuser": false, "email": "iman.jami@gmai.com", "last_name": "\u062c\u0627\u0645\u06cc \u0645\u0642\u062f\u0645", "last_login": "2015-08-19T15:09:07.110Z", "first_name": "\u0627\u06cc\u0645\u0627\u0646", "user_permissions": [], "groups": [], "is_staff": false, "password": "pbkdf2_sha256$20000$NHi5QQ8aMv8N$Ymdq7U4LelMwXts/cjqsDDSxk2E00uC5FOSOG3F1Ij0="}, "pk": 5}, {"model": "auth.user", "fields": {"username": "javad", "is_active": true, "date_joined": "2015-08-18T10:11:22Z", "is_superuser": false, "email": "", "last_name": "\u0631\u0641\u06cc\u0639\u06cc", "last_login": null, "first_name": "\u062c\u0648\u0627\u062f", "user_permissions": [], "groups": [], "is_staff": false, "password": "pbkdf2_sha256$20000$Rf2iXDXeHD0w$hMEjVwciZNguTpQRL0Xuar2ly2XPWfKDn2XsqhpS/Y0="}, "pk": 6}, {"model": "auth.user", "fields": {"username": "esteghlal", "is_active": true, "date_joined": "2015-08-18T22:51:19.210Z", "is_superuser": false, "email": "", "last_name": "", "last_login": "2015-08-18T23:43:06.690Z", "first_name": "", "user_permissions": [], "groups": [], "is_staff": false, "password": "pbkdf2_sha256$20000$Va3hqQfJxZe2$0M4OeEIFvQu/7num4mI+CJPS0ziGEcq/klp1j8A2qiU="}, "pk": 9}, {"model": "management.manager", "fields": {}, "pk": 7}, {"model": "service_provider.serviceprovider", "fields": {"long_description": "\u0627\u0631\u0627\u0626\u0647 \u062f\u0647\u0646\u062f\u0647 \u0628\u0647\u062a\u0631\u06cc\u0646 \u062a\u0648\u0631\u200c\u0647\u0627\u06cc \u06af\u0631\u062f\u0634\u06af\u0631\u06cc \u062f\u0627\u062e\u0644\u06cc \u0648 \u062e\u0627\u0631\u062c\u06cc \u0628\u0627 \u0628\u0647\u062a\u0631\u06cc\u0646 \u0627\u0645\u06a9\u0627\u0646\u0627\u062a", "is_active": false, "name": "\u0622\u0633\u0627\u0646 \u06af\u0634\u062a \u0633\u06cc\u0631", "is_verified": true, "short_description": "\u0627\u0648\u0644\u06cc\u0646 \u0622\u0698\u0627\u0646\u0633 \u06af\u0631\u062f\u0634\u06af\u0631\u06cc \u062a\u0647\u0631\u0627\u0646"}, "pk": 1}, {"model": "service_provider.serviceprovider", "fields": {"long_description": "\u0627\u0631\u0627\u0626\u0647 \u062f\u0647\u0646\u062f\u0647 \u0628\u0647\u062a\u0631\u06cc\u0646 \u062e\u062f\u0645\u0627\u062a \u0628\u0631\u0627\u06cc \u0645\u0633\u0627\u0641\u0631\u06cc\u0646 \u0633\u0631\u0627\u0633\u0631 \u062c\u0647\u0627\u0646", "is_active": false, "name": "\u0647\u062a\u0644 \u067e\u0627\u0631\u0633\u06cc\u0627\u0646 \u0622\u0632\u0627\u062f\u06cc", "is_verified": true, "short_description": "\u0645\u062c\u0644\u0644 \u062a\u0631\u06cc\u0646 \u0647\u062a\u0644 \u06f5 \u0633\u062a\u0627\u0631\u0647 \u06a9\u0634\u0648\u0631"}, "pk": 2}, {"model": "service_provider.serviceprovider", "fields": {"long_description": "\u0627\u0631\u0627\u0626\u0647 \u062e\u062f\u0645\u0627\u062a \u0628\u0627 \u06a9\u06cc\u0641\u06cc\u062a\u06cc \u0628\u0631\u062a\u0631 \u0628\u0647 \u0648\u0633\u06cc\u0644\u0647 \u062a\u06cc\u0645\u06cc \u062d\u0631\u0641\u0647 \u0627\u06cc \u0648 \u0622\u0645\u0648\u0632\u0634 \u062f\u06cc\u062f\u0647 \u0627\u0632 \u062e\u0644\u0628\u0627\u0646\u0627\u0646\u060c\u0645\u0647\u0645\u0627\u0646\u062f\u0627\u0631\u0627\u0646 \u0648 \u062e\u062f\u0645\u0647 \u0632\u0645\u06cc\u0646\u06cc \u060c \u0628\u0631\u0627\u0628\u0631 \u0627\u0633\u062a\u0627\u0646\u062f\u0627\u0631\u062f\u0647\u0627\u06cc \u0628\u06cc\u0646 \u0627\u0644\u0645\u0644\u0644\u06cc", "is_active": false, "name": "\u0647\u0648\u0627\u067e\u06cc\u0645\u0627\u06cc\u06cc \u0645\u0627\u0647\u0627\u0646", "is_verified": true, "short_description": "\u0627\u0648\u0644\u06cc\u0646 \u0634\u0631\u06a9\u062a \u0647\u0648\u0627\u067e\u06cc\u0645\u0627\u06cc\u06cc \u062e\u0635\u0648\u0635\u06cc"}, "pk": 3}, {"model": "service_provider.serviceprovider", "fields": {"long_description": "\u0627\u0631\u0627\u0626\u0647 \u062f\u0647\u0646\u062f\u0647 \u062e\u062f\u0645\u0627\u062a \u0645\u062a\u0645\u0627\u06cc\u0632 \u0628\u0631\u0627\u06cc \u06af\u0631\u062f\u0634\u06af\u0631\u0627\u0646 \u0627\u06cc\u0631\u0627\u0646\u06cc \u0648 \u062e\u0627\u0631\u062c\u06cc", "is_active": false, "name": "\u0647\u062a\u0644 \u0627\u0633\u062a\u0642\u0644\u0627\u0644", "is_verified": true, "short_description": "\u0647\u062a\u0644 \u0628\u06cc\u0646\u200c\u0627\u0644\u0645\u0644\u0644\u06cc \u0645\u0637\u0627\u0628\u0642 \u0628\u0627 \u0628\u0647\u062a\u0631\u06cc\u0646 \u0627\u0633\u062a\u0627\u0646\u062f\u0627\u0631\u062f\u200c\u0647\u0627\u06cc \u062c\u0647\u0627\u0646\u06cc"}, "pk": 6}, {"model": "service_provider.hotel", "fields": {"has_parking": true, "map_widget": "", "has_coffeeshop": true, "has_health_center": false, "has_shop_center": true, "degree": 5, "has_pool": true, "has_gamenet": true, "has_photo_studio": false, "has_fire_extinguisher": true, "has_emergency": true, "has_restaurant": true, "has_conference_hall": true, "has_protection_system": false, "has_sport_salloon": true, "has_internet": true, "has_jungle": false}, "pk": 2}, {"model": "service_provider.hotel", "fields": {"has_parking": true, "map_widget": "", "has_coffeeshop": true, "has_health_center": true, "has_shop_center": true, "degree": 5, "has_pool": false, "has_gamenet": true, "has_photo_studio": false, "has_fire_extinguisher": false, "has_emergency": false, "has_restaurant": true, "has_conference_hall": false, "has_protection_system": false, "has_sport_salloon": true, "has_internet": false, "has_jungle": false}, "pk": 6}, {"model": "service_provider.airline", "fields": {"is_international": true}, "pk": 3}, {"model": "service_provider.travelagency", "fields": {}, "pk": 1}, {"model": "tourist.tourist", "fields": {"birth_day": "2093-09-21", "cart": 1}, "pk": 4}, {"model": "tourist.tourist", "fields": {"birth_day": "2093-04-23", "cart": 2}, "pk": 5}, {"model": "base.siteuser", "fields": {"image": "", "primary_user": 2, "location": null, "telephone": "8765432", "polymorphic_ctype": 23}, "pk": 1}, {"model": "base.siteuser", "fields": {"image": "base/profile_images/\u067e\u0627\u0631\u0633\u06cc\u0627\u0646.jpg", "primary_user": 3, "location": 1, "telephone": "22222234", "polymorphic_ctype": 21}, "pk": 2}, {"model": "base.siteuser", "fields": {"image": "base/profile_images/\u0645\u0627\u0647\u0627\u0646.jpg", "primary_user": 4, "location": 2, "telephone": "44667755", "polymorphic_ctype": 22}, "pk": 3}, {"model": "base.siteuser", "fields": {"image": "base/profile_images/Iman1.jpg", "primary_user": 5, "location": 3, "telephone": "09128157440", "polymorphic_ctype": 24}, "pk": 4}, {"model": "base.siteuser", "fields": {"image": "", "primary_user": 6, "location": 4, "telephone": "0912898989", "polymorphic_ctype": 24}, "pk": 5}, {"model": "base.siteuser", "fields": {"image": "base/profile_images/\u0627\u0633\u062a\u0642\u0644\u0627\u0644_Atjwqgd.jpg", "primary_user": 9, "location": 7, "telephone": "12312313", "polymorphic_ctype": 21}, "pk": 6}, {"model": "base.siteuser", "fields": {"image": "", "primary_user": 1, "location": 8, "telephone": "123123123", "polymorphic_ctype": 12}, "pk": 7}, {"model": "admin.logentry", "fields": {"user": 1, "object_id": "2", "object_repr": "asangasht", "content_type": 4, "action_flag": 1, "change_message": "", "action_time": "2015-08-18T07:05:59.758Z"}, "pk": 1}, {"model": "admin.logentry", "fields": {"user": 1, "object_id": "1", "object_repr": "TravelAgency object", "content_type": 23, "action_flag": 1, "change_message": "", "action_time": "2015-08-18T07:07:10.566Z"}, "pk": 2}, {"model": "admin.logentry", "fields": {"user": 1, "object_id": "3", "object_repr": "parsian", "content_type": 4, "action_flag": 1, "change_message": "", "action_time": "2015-08-18T07:08:22.600Z"}, "pk": 3}, {"model": "admin.logentry", "fields": {"user": 1, "object_id": "1", "object_repr": "\u062a\u0647\u0631\u0627\u0646: \u0627\u0648\u06cc\u0646 - \u062c\u0646\u0628 \u0628\u0632\u0631\u06af\u0631\u0627\u0647 \u0646\u06cc\u0627\u06cc\u0634", "content_type": 38, "action_flag": 1, "change_message": "", "action_time": "2015-08-18T07:08:45.502Z"}, "pk": 4}, {"model": "admin.logentry", "fields": {"user": 1, "object_id": "2", "object_repr": "\u0647\u062a\u0644 \u067e\u0627\u0631\u0633\u06cc\u0627\u0646 \u0622\u0632\u0627\u062f\u06cc", "content_type": 21, "action_flag": 1, "change_message": "", "action_time": "2015-08-18T07:12:47.970Z"}, "pk": 5}, {"model": "admin.logentry", "fields": {"user": 1, "object_id": "4", "object_repr": "mahan", "content_type": 4, "action_flag": 1, "change_message": "", "action_time": "2015-08-18T07:14:28.623Z"}, "pk": 6}, {"model": "admin.logentry", "fields": {"user": 1, "object_id": "2", "object_repr": "\u062a\u0647\u0631\u0627\u0646: \u0628\u0632\u0631\u06af\u0631\u0627\u0647 \u0634\u0647\u06cc\u062f \u0633\u062a\u0627\u0631\u06cc - \u0647\u0648\u0627\u067e\u06cc\u0645\u0627\u06cc\u06cc \u0645\u0627\u0647\u0627\u0646", "content_type": 38, "action_flag": 1, "change_message": "", "action_time": "2015-08-18T07:14:46.340Z"}, "pk": 7}, {"model": "admin.logentry", "fields": {"user": 1, "object_id": "3", "object_repr": "\u0647\u0648\u0627\u067e\u06cc\u0645\u0627\u06cc\u06cc \u0645\u0627\u0647\u0627\u0646", "content_type": 22, "action_flag": 1, "change_message": "", "action_time": "2015-08-18T07:17:04.108Z"}, "pk": 8}, {"model": "admin.logentry", "fields": {"user": 1, "object_id": "1", "object_repr": "\u062a\u0647\u0631\u0627\u0646: \u0645\u0647\u0631\u0622\u0628\u0627\u062f", "content_type": 19, "action_flag": 1, "change_message": "", "action_time": "2015-08-18T07:21:27.659Z"}, "pk": 9}, {"model": "admin.logentry", "fields": {"user": 1, "object_id": "2", "object_repr": "\u062a\u0647\u0631\u0627\u0646: \u0627\u0645\u0627\u0645 \u062e\u0645\u06cc\u0646\u06cc", "content_type": 19, "action_flag": 1, "change_message": "", "action_time": "2015-08-18T07:22:07.781Z"}, "pk": 10}, {"model": "admin.logentry", "fields": {"user": 1, "object_id": "3", "object_repr": "\u06a9\u06cc\u0634: \u0641\u0631\u0648\u062f\u06af\u0627\u0647 \u0628\u06cc\u0646\u200c\u0627\u0644\u0645\u0644\u0644\u06cc \u06a9\u06cc\u0634", "content_type": 19, "action_flag": 1, "change_message": "", "action_time": "2015-08-18T07:24:18.857Z"}, "pk": 11}, {"model": "admin.logentry", "fields": {"user": 1, "object_id": "2", "object_repr": "\u062a\u0647\u0631\u0627\u0646: \u0641\u0631\u0648\u062f\u06af\u0627\u0647 \u0628\u06cc\u0646 \u0627\u0644\u0645\u0644\u0644\u06cc \u0627\u0645\u0627\u0645 \u062e\u0645\u06cc\u0646\u06cc", "content_type": 19, "action_flag": 2, "change_message": "Changed name.", "action_time": "2015-08-18T07:24:42.967Z"}, "pk": 12}, {"model": "admin.logentry", "fields": {"user": 1, "object_id": "1", "object_repr": "\u062a\u0647\u0631\u0627\u0646: \u0641\u0631\u0648\u062f\u06af\u0627\u0647 \u0645\u0647\u0631\u0622\u0628\u0627\u062f", "content_type": 19, "action_flag": 2, "change_message": "Changed name.", "action_time": "2015-08-18T07:24:55.533Z"}, "pk": 13}, {"model": "admin.logentry", "fields": {"user": 1, "object_id": "4", "object_repr": "\u06cc\u0632\u062f: \u0641\u0631\u0648\u062f\u06af\u0627\u0647 \u06cc\u0632\u062f", "content_type": 19, "action_flag": 1, "change_message": "", "action_time": "2015-08-18T07:25:26.403Z"}, "pk": 14}, {"model": "admin.logentry", "fields": {"user": 1, "object_id": "5", "object_repr": "\u0645\u0634\u0647\u062f: \u0641\u0631\u0648\u062f\u06af\u0627\u0647 \u0645\u0634\u0647\u062f", "content_type": 19, "action_flag": 1, "change_message": "", "action_time": "2015-08-18T07:26:20.042Z"}, "pk": 15}, {"model": "admin.logentry", "fields": {"user": 1, "object_id": "6", "object_repr": "\u0634\u06cc\u0631\u0627\u0632: \u0641\u0631\u0648\u062f\u06af\u0627\u0647 \u0634\u0647\u06cc\u062f \u062f\u0633\u062a\u063a\u06cc\u0628 \u0634\u06cc\u0631\u0627\u0632", "content_type": 19, "action_flag": 1, "change_message": "", "action_time": "2015-08-18T07:28:30.676Z"}, "pk": 16}, {"model": "admin.logentry", "fields": {"user": 1, "object_id": "1", "object_repr": "143: \u0627\u0632\u062a\u0647\u0631\u0627\u0646\u0628\u0647\u06a9\u06cc\u0634", "content_type": 16, "action_flag": 1, "change_message": "", "action_time": "2015-08-18T08:00:19.271Z"}, "pk": 17}, {"model": "admin.logentry", "fields": {"user": 1, "object_id": "2", "object_repr": "\u0622\u0633\u0627\u0646 \u06af\u0634\u062a \u0633\u06cc\u0631:  \u0627\u0632 \u062a\u0647\u0631\u0627\u0646 \u0628\u0647 \u06a9\u06cc\u0634", "content_type": 18, "action_flag": 1, "change_message": "", "action_time": "2015-08-18T08:06:12.460Z"}, "pk": 18}, {"model": "admin.logentry", "fields": {"user": 1, "object_id": "1", "object_repr": "143:  \u0627\u0632 \u062a\u0647\u0631\u0627\u0646 \u0628\u0647 \u06a9\u06cc\u0634", "content_type": 16, "action_flag": 2, "change_message": "Changed sold_number.", "action_time": "2015-08-18T08:06:35.273Z"}, "pk": 19}, {"model": "admin.logentry", "fields": {"user": 1, "object_id": "3", "object_repr": "\u0647\u062a\u0644 \u067e\u0627\u0631\u0633\u06cc\u0627\u0646 \u0622\u0632\u0627\u062f\u06cc: \u0627\u062a\u0627\u0642 2 \u062a\u062e\u062a\u0647 ", "content_type": 17, "action_flag": 1, "change_message": "", "action_time": "2015-08-18T08:10:25.923Z"}, "pk": 20}, {"model": "admin.logentry", "fields": {"user": 1, "object_id": "4", "object_repr": "\u0647\u062a\u0644 \u067e\u0627\u0631\u0633\u06cc\u0627\u0646 \u0622\u0632\u0627\u062f\u06cc: \u0627\u062a\u0627\u0642 4 \u062a\u062e\u062a\u0647 ", "content_type": 17, "action_flag": 1, "change_message": "", "action_time": "2015-08-18T08:11:12.680Z"}, "pk": 21}, {"model": "admin.logentry", "fields": {"user": 1, "object_id": "4", "object_repr": "\u0647\u062a\u0644 \u067e\u0627\u0631\u0633\u06cc\u0627\u0646 \u0622\u0632\u0627\u062f\u06cc: \u0627\u062a\u0627\u0642 4 \u062a\u062e\u062a\u0647 ", "content_type": 17, "action_flag": 2, "change_message": "No fields changed.", "action_time": "2015-08-18T08:11:25.935Z"}, "pk": 22}, {"model": "admin.logentry", "fields": {"user": 1, "object_id": "5", "object_repr": "iman", "content_type": 4, "action_flag": 1, "change_message": "", "action_time": "2015-08-18T08:12:17.372Z"}, "pk": 23}, {"model": "admin.logentry", "fields": {"user": 1, "object_id": "5", "object_repr": "iman", "content_type": 4, "action_flag": 2, "change_message": "Changed first_name, last_name and email.", "action_time": "2015-08-18T08:12:41.669Z"}, "pk": 24}, {"model": "admin.logentry", "fields": {"user": 1, "object_id": "3", "object_repr": "\u062a\u0647\u0631\u0627\u0646: \u0646\u0627\u0631\u0645\u06a9 - \u0645\u06cc\u062f\u0627\u0646 \u0647\u0644\u0627\u0644 \u0627\u062d\u0645\u0631 - \u06a9\u0648\u0686\u0647 \u0634\u06cc\u0631\u0627\u0632\u0647 - \u067e\u0644\u0627\u06a9 \u06f1\u06f4- \u0648\u0627\u062d\u062f\u06f4", "content_type": 38, "action_flag": 1, "change_message": "", "action_time": "2015-08-18T08:13:13.573Z"}, "pk": 25}, {"model": "admin.logentry", "fields": {"user": 1, "object_id": "1", "object_repr": "Cart object", "content_type": 25, "action_flag": 1, "change_message": "", "action_time": "2015-08-18T08:14:07.945Z"}, "pk": 26}, {"model": "admin.logentry", "fields": {"user": 1, "object_id": "4", "object_repr": "iman:\u0627\u06cc\u0645\u0627\u0646 \u062c\u0627\u0645\u06cc \u0645\u0642\u062f\u0645", "content_type": 24, "action_flag": 1, "change_message": "", "action_time": "2015-08-18T08:14:09.514Z"}, "pk": 27}, {"model": "admin.logentry", "fields": {"user": 1, "object_id": "2", "object_repr": "\u0622\u0633\u0627\u0646 \u06af\u0634\u062a \u0633\u06cc\u0631:  \u0627\u0632 \u062a\u0647\u0631\u0627\u0646 \u0628\u0647 \u06a9\u06cc\u0634", "content_type": 18, "action_flag": 2, "change_message": "No fields changed.", "action_time": "2015-08-18T08:48:39.248Z"}, "pk": 28}, {"model": "admin.logentry", "fields": {"user": 1, "object_id": "2", "object_repr": "\u0622\u0633\u0627\u0646 \u06af\u0634\u062a \u0633\u06cc\u0631:  \u0627\u0632 \u062a\u0647\u0631\u0627\u0646 \u0628\u0647 \u06a9\u06cc\u0634", "content_type": 18, "action_flag": 2, "change_message": "Changed image.", "action_time": "2015-08-18T08:49:39.871Z"}, "pk": 29}, {"model": "admin.logentry", "fields": {"user": 1, "object_id": "5", "object_repr": "\u0622\u0633\u0627\u0646 \u06af\u0634\u062a \u0633\u06cc\u0631:  \u0627\u0632 \u062a\u0647\u0631\u0627\u0646 \u0628\u0647 \u06af\u0631\u06af\u0627\u0646", "content_type": 18, "action_flag": 1, "change_message": "", "action_time": "2015-08-18T08:56:15.582Z"}, "pk": 30}, {"model": "admin.logentry", "fields": {"user": 1, "object_id": "1", "object_repr": "iman:\u0627\u06cc\u0645\u0627\u0646 \u062c\u0627\u0645\u06cc \u0645\u0642\u062f\u0645's factor", "content_type": 26, "action_flag": 1, "change_message": "", "action_time": "2015-08-18T09:10:37.510Z"}, "pk": 31}, {"model": "admin.logentry", "fields": {"user": 1, "object_id": "6", "object_repr": "javad", "content_type": 4, "action_flag": 1, "change_message": "", "action_time": "2015-08-18T10:11:22.102Z"}, "pk": 32}, {"model": "admin.logentry", "fields": {"user": 1, "object_id": "6", "object_repr": "javad", "content_type": 4, "action_flag": 2, "change_message": "Changed first_name and last_name.", "action_time": "2015-08-18T10:11:35.119Z"}, "pk": 33}, {"model": "admin.logentry", "fields": {"user": 1, "object_id": "4", "object_repr": "\u062a\u0647\u0631\u0627\u0646: \u062c\u0646\u0628 \u0645\u062a\u0631\u0648 \u0637\u0631\u0634\u062a - \u06a9\u0648\u0686\u0647 \u0645\u06cc\u0646\u0627 - \u067e\u0644\u0627\u06a9 \u06f2", "content_type": 38, "action_flag": 1, "change_message": "", "action_time": "2015-08-18T10:12:13.404Z"}, "pk": 34}, {"model": "admin.logentry", "fields": {"user": 1, "object_id": "2", "object_repr": "Cart object", "content_type": 25, "action_flag": 1, "change_message": "", "action_time": "2015-08-18T10:13:16.814Z"}, "pk": 35}, {"model": "admin.logentry", "fields": {"user": 1, "object_id": "5", "object_repr": "javad:\u062c\u0648\u0627\u062f \u0631\u0641\u06cc\u0639\u06cc", "content_type": 24, "action_flag": 1, "change_message": "", "action_time": "2015-08-18T10:13:17.411Z"}, "pk": 36}, {"model": "admin.logentry", "fields": {"user": 1, "object_id": "2", "object_repr": "javad:\u062c\u0648\u0627\u062f \u0631\u0641\u06cc\u0639\u06cc's factor", "content_type": 26, "action_flag": 1, "change_message": "", "action_time": "2015-08-18T10:13:19.888Z"}, "pk": 37}, {"model": "admin.logentry", "fields": {"user": 1, "object_id": "5", "object_repr": "javad:\u062c\u0648\u0627\u062f \u0631\u0641\u06cc\u0639\u06cc", "content_type": 24, "action_flag": 2, "change_message": "No fields changed.", "action_time": "2015-08-18T10:14:55.843Z"}, "pk": 38}, {"model": "admin.logentry", "fields": {"user": 1, "object_id": "2", "object_repr": "javad:\u062c\u0648\u0627\u062f \u0631\u0641\u06cc\u0639\u06cc's factor", "content_type": 26, "action_flag": 2, "change_message": "Added service item \"\u0622\u0633\u0627\u0646 \u06af\u0634\u062a \u0633\u06cc\u0631:  \u0627\u0632 \u062a\u0647\u0631\u0627\u0646 \u0628\u0647 \u06a9\u06cc\u0634item: 3\". Added service item \"\u0647\u062a\u0644 \u067e\u0627\u0631\u0633\u06cc\u0627\u0646 \u0622\u0632\u0627\u062f\u06cc: \u0627\u062a\u0627\u0642 4 \u062a\u062e\u062a\u0647 item: 5\".", "action_time": "2015-08-18T12:57:37.187Z"}, "pk": 39}, {"model": "admin.logentry", "fields": {"user": 1, "object_id": "3", "object_repr": "iman:\u0627\u06cc\u0645\u0627\u0646 \u062c\u0627\u0645\u06cc \u0645\u0642\u062f\u0645's factor", "content_type": 26, "action_flag": 1, "change_message": "", "action_time": "2015-08-18T12:59:06.839Z"}, "pk": 40}, {"model": "admin.logentry", "fields": {"user": 1, "object_id": "2", "object_repr": "\u06cc\u0632\u062f", "content_type": 39, "action_flag": 2, "change_message": "Changed map_code.", "action_time": "2015-08-18T18:21:16.216Z"}, "pk": 41}, {"model": "admin.logentry", "fields": {"user": 1, "object_id": "7", "object_repr": "esteghlal", "content_type": 4, "action_flag": 3, "change_message": "", "action_time": "2015-08-18T22:27:04.825Z"}, "pk": 42}, {"model": "admin.logentry", "fields": {"user": 1, "object_id": "8", "object_repr": "esteghlal", "content_type": 4, "action_flag": 3, "change_message": "", "action_time": "2015-08-18T22:50:50.314Z"}, "pk": 43}, {"model": "admin.logentry", "fields": {"user": 1, "object_id": "9", "object_repr": "esteghlal", "content_type": 4, "action_flag": 1, "change_message": "", "action_time": "2015-08-18T22:51:19.279Z"}, "pk": 44}, {"model": "admin.logentry", "fields": {"user": 1, "object_id": "7", "object_repr": "\u062a\u0647\u0631\u0627\u0646: \u0627\u0648\u06cc\u0646 - \u062c\u0646\u0628 \u0628\u0632\u0631\u06af\u0631\u0627\u0647 \u0634\u0647\u06cc\u062f \u0686\u0645\u0631\u0627\u0646", "content_type": 38, "action_flag": 1, "change_message": "", "action_time": "2015-08-18T22:51:45.482Z"}, "pk": 45}, {"model": "admin.logentry", "fields": {"user": 1, "object_id": "6", "object_repr": "\u0647\u062a\u0644 \u0627\u0633\u062a\u0642\u0644\u0627\u0644", "content_type": 21, "action_flag": 1, "change_message": "", "action_time": "2015-08-18T22:53:03.273Z"}, "pk": 46}, {"model": "admin.logentry", "fields": {"user": 1, "object_id": "6", "object_repr": "\u0647\u062a\u0644 \u0627\u0633\u062a\u0642\u0644\u0627\u0644", "content_type": 21, "action_flag": 2, "change_message": "Changed image.", "action_time": "2015-08-18T22:53:28.692Z"}, "pk": 47}, {"model": "admin.logentry", "fields": {"user": 1, "object_id": "8", "object_repr": "\u062a\u0647\u0631\u0627\u0646: \u0633\u067e\u0627\u0633 \u0627\u06cc\u0631\u0627\u0646\r\n", "content_type": 38, "action_flag": 1, "change_message": "", "action_time": "2015-08-18T23:41:53.575Z"}, "pk": 48}, {"model": "admin.logentry", "fields": {"user": 1, "object_id": "7", "object_repr": "admin", "content_type": 12, "action_flag": 1, "change_message": "", "action_time": "2015-08-18T23:42:20.199Z"}, "pk": 49}, {"model": "admin.logentry", "fields": {"user": 1, "object_id": "1", "object_repr": "\u0647\u0648\u0627\u067e\u06cc\u0645\u0627\u06cc\u06cc \u0645\u0627\u0647\u0627\u0646 :  \u067e\u0631\u0648\u0627\u0632 \u0634\u0645\u0627\u0631\u0647 143   \u0627\u0632 \u062a\u0647\u0631\u0627\u0646 \u0628\u0647 \u06a9\u06cc\u0634", "content_type": 16, "action_flag": 2, "change_message": "Changed sold_number.", "action_time": "2015-08-19T08:59:34.787Z"}, "pk": 50}, {"model": "admin.logentry", "fields": {"user": 1, "object_id": "4", "object_repr": "\u0647\u062a\u0644 \u067e\u0627\u0631\u0633\u06cc\u0627\u0646 \u0622\u0632\u0627\u062f\u06cc: \u0627\u062a\u0627\u0642 4 \u062a\u062e\u062a\u0647 ", "content_type": 17, "action_flag": 2, "change_message": "Changed sold_number.", "action_time": "2015-08-19T08:59:56.322Z"}, "pk": 51}, {"model": "admin.logentry", "fields": {"user": 1, "object_id": "3", "object_repr": "\u0647\u062a\u0644 \u067e\u0627\u0631\u0633\u06cc\u0627\u0646 \u0622\u0632\u0627\u062f\u06cc: \u0627\u062a\u0627\u0642 2 \u062a\u062e\u062a\u0647 ", "content_type": 17, "action_flag": 2, "change_message": "Changed sold_number.", "action_time": "2015-08-19T09:00:02.163Z"}, "pk": 52}, {"model": "admin.logentry", "fields": {"user": 1, "object_id": "5", "object_repr": "\u0622\u0633\u0627\u0646 \u06af\u0634\u062a \u0633\u06cc\u0631:  \u0627\u0632 \u062a\u0647\u0631\u0627\u0646 \u0628\u0647 \u06af\u0631\u06af\u0627\u0646", "content_type": 18, "action_flag": 2, "change_message": "Changed sold_number.", "action_time": "2015-08-19T09:00:17.141Z"}, "pk": 53}, {"model": "admin.logentry", "fields": {"user": 1, "object_id": "2", "object_repr": "\u0622\u0633\u0627\u0646 \u06af\u0634\u062a \u0633\u06cc\u0631:  \u0627\u0632 \u062a\u0647\u0631\u0627\u0646 \u0628\u0647 \u06a9\u06cc\u0634", "content_type": 18, "action_flag": 2, "change_message": "Changed sold_number.", "action_time": "2015-08-19T09:00:23.968Z"}, "pk": 54}, {"model": "admin.logentry", "fields": {"user": 1, "object_id": "1", "object_repr": "\u0647\u0648\u0627\u067e\u06cc\u0645\u0627\u06cc\u06cc \u0645\u0627\u0647\u0627\u0646 :  \n  \u0627\u0632 \u062a\u0647\u0631\u0627\u0646 \u0628\u0647 ", "content_type": 16, "action_flag": 2, "change_message": "Changed sold_number.", "action_time": "2015-08-19T15:06:10.068Z"}, "pk": 55}, {"model": "admin.logentry", "fields": {"user": 1, "object_id": "4", "object_repr": "\u0647\u062a\u0644 \u067e\u0627\u0631\u0633\u06cc\u0627\u0646 \u0622\u0632\u0627\u062f\u06cc: \u0627\u062a\u0627\u0642 4 \u062a\u062e\u062a\u0647 ", "content_type": 17, "action_flag": 2, "change_message": "Changed sold_number.", "action_time": "2015-08-19T15:06:56.418Z"}, "pk": 56}, {"model": "admin.logentry", "fields": {"user": 1, "object_id": "3", "object_repr": "\u0647\u062a\u0644 \u067e\u0627\u0631\u0633\u06cc\u0627\u0646 \u0622\u0632\u0627\u062f\u06cc: \u0627\u062a\u0627\u0642 2 \u062a\u062e\u062a\u0647 ", "content_type": 17, "action_flag": 2, "change_message": "Changed sold_number.", "action_time": "2015-08-19T15:07:15.766Z"}, "pk": 57}, {"model": "admin.logentry", "fields": {"user": 1, "object_id": "5", "object_repr": "\u0622\u0633\u0627\u0646 \u06af\u0634\u062a \u0633\u06cc\u0631:  \u0627\u0632 \u062a\u0647\u0631\u0627\u0646 \u0628\u0647 \u06af\u0631\u06af\u0627\u0646", "content_type": 18, "action_flag": 2, "change_message": "Changed sold_number.", "action_time": "2015-08-19T15:07:39.967Z"}, "pk": 58}, {"model": "admin.logentry", "fields": {"user": 1, "object_id": "2", "object_repr": "\u0622\u0633\u0627\u0646 \u06af\u0634\u062a \u0633\u06cc\u0631:  \u0627\u0632 \u062a\u0647\u0631\u0627\u0646 \u0628\u0647 \u06a9\u06cc\u0634", "content_type": 18, "action_flag": 2, "change_message": "Changed sold_number.", "action_time": "2015-08-19T15:07:50.338Z"}, "pk": 59}]